year,pop_total,pop_migration,migration_share
2020,644538,274373,0.4256894085375882
2021,643785,277565,0.43114549111892947
2022,653263,291649,0.446449592277536
2023,655737,297232,0.4532792872752338
2024,658350,302839,0.45999696210222524
